,0
0,women
1,tech
2,enbie
3,women empowerment
4,women quotes
5,women empowerment quotes
8,women meaning
10,women rights
11,women in the bible
13,women's day
14,women's health
16,women's month
18,women in the philippines
19,women of malolos
20,women's desk
21,women entrepreneurs
22,women at a game company
24,women and children
25,women at work
26,women and children rights
27,women and children welfare
30,women and development
32,women advocate
33,women and education
34,women against abuse
35,women artists
36,women at 40
37,women athletes
38,women achievers
39,women act
40,women as leaders
42,women business attire
47,women bible verses
53,women business casual
61,women bible quotes
66,women cycle
67,women circumcision
68,woman clipart
69,women crying
70,women celebrities
71,women cancer
72,women confessions
75,women characteristics
76,women characters in the bible
77,women can do anything
78,women ceo
83,women definition
84,women discrimination
86,woman drawing
87,women day
91,women devotional
92,women development
93,women drivers
95,women dating sites
96,women diseases
97,women deliver 2019
98,women dancing
99,women doctors of the church
100,women directors
101,women driving saudi
102,women tech council
103,women techmakers
104,women tech awards
105,women tech founders
106,women tech leaders
109,women technology
110,self defense for women techniques
111,women tech
112,women techno
115,women tech youtubers
116,women tech reviewers
117,"women techno dj:""women in technology international"""
118,women in technology
119,women in tech
120,women in technology (disambiguation)
122,"women's technology cluster:""women tech council"""
123,women techmakers scholars program
124,women technology groups
125,women technology leaders
126,women tech conference
127,women technology nonprofit
128,women tech entrepreneurs
129,"women tech organizations:""why women love women"""
130,hungarian women
136,how many women sentetors are women
137,amerindian women compared to women of today
138,how many african women have married women
141,women technology tshirt
142,women tech shirt
143,women tech tshirt
145,wonder woman
146,woman within
147,women
148,wit
149,melinda gates
150,slacks for women
151,anita
152,technologies
153,african women
154,women on women
155,google developer
156,women who code
157,witi
158,women to women
159,women in science
160,women for women
161,women in engineering
162,for women
163,women and woman
164,woman women
165,mywit
166,ncwit
167,google i
168,center for women
169,european women
170,it technology
171,google conference
172,women with
173,tech ladies
174,anita borg
175,women mathematicians
176,tech conference
177,google women
178,atlanta women
179,anita borg institute
180,my wits
181,women in
182,women logo
183,google tech
184,in tech
185,women in tech conference
186,women in it
187,google technology
188,womens tech suits
189,women summit
190,tech gifts for women
191,informational technology
192,technology conference
193,google days
194,utah technology council
195,women in technology scholarship
196,women in math
197,women programmers
198,wonder women tech
199,black women in tech
200,national women
201,famous women in technology
202,google maker
203,women in technology conference
205,women in tech scholarship
206,women in tech summit
207,women in technology international
208,women in technology atlanta
209,info technology
210,google international
211,international technology
212,women in technology statistics
213,wonder woman 2016
214,top women in tech
215,wit dc
216,stockholm women
217,women who tech
218,women and
219,austin women in technology
220,women in tech events
221,women in tech nyc
222,women in tech chicago
223,information technology logo
224,black women in technology
225,women in tech jobs
226,it woman
227,women and technology
228,women in information technology
229,craigslist sf women
230,women in tech book
231,women in tech awards
232,women in the tech industry
233,women in technology awards
234,percentage of women in tech
235,leading women in technology
236,women in tech seattle
237,women leaders in technology
238,women's technology program
239,women in tech history
240,google women in tech
242,women's tech belfast
245,women's tech council utah
254,women's tech hub
255,tech women.org
258,virginia tech women's xc
270,women's center virginia tech
275,women techmakers scholarship
313,tech women.com